--
-- PostgreSQL database dump
--

-- Dumped from database version 17.4
-- Dumped by pg_dump version 17.4

SET statement_timeout = 0;
SET lock_timeout = 0;
SET idle_in_transaction_session_timeout = 0;
SET transaction_timeout = 0;
SET client_encoding = 'UTF8';
SET standard_conforming_strings = on;
SELECT pg_catalog.set_config('search_path', '', false);
SET check_function_bodies = false;
SET xmloption = content;
SET client_min_messages = warning;
SET row_security = off;

DROP DATABASE dnd_game_db;
--
-- Name: dnd_game_db; Type: DATABASE; Schema: -; Owner: -
--

CREATE DATABASE dnd_game_db WITH TEMPLATE = template0 ENCODING = 'UTF8' LOCALE_PROVIDER = libc LOCALE = 'tr-TR';


\connect dnd_game_db

SET statement_timeout = 0;
SET lock_timeout = 0;
SET idle_in_transaction_session_timeout = 0;
SET transaction_timeout = 0;
SET client_encoding = 'UTF8';
SET standard_conforming_strings = on;
SELECT pg_catalog.set_config('search_path', '', false);
SET check_function_bodies = false;
SET xmloption = content;
SET client_min_messages = warning;
SET row_security = off;

SET default_tablespace = '';

SET default_table_access_method = heap;

--
-- Name: accounts_customuser; Type: TABLE; Schema: public; Owner: -
--

CREATE TABLE public.accounts_customuser (
    id bigint NOT NULL,
    password character varying(128) NOT NULL,
    last_login timestamp with time zone,
    is_superuser boolean NOT NULL,
    username character varying(150) NOT NULL,
    first_name character varying(150) NOT NULL,
    last_name character varying(150) NOT NULL,
    email character varying(254) NOT NULL,
    is_staff boolean NOT NULL,
    is_active boolean NOT NULL,
    date_joined timestamp with time zone NOT NULL
);


--
-- Name: accounts_customuser_groups; Type: TABLE; Schema: public; Owner: -
--

CREATE TABLE public.accounts_customuser_groups (
    id bigint NOT NULL,
    customuser_id bigint NOT NULL,
    group_id integer NOT NULL
);


--
-- Name: accounts_customuser_groups_id_seq; Type: SEQUENCE; Schema: public; Owner: -
--

ALTER TABLE public.accounts_customuser_groups ALTER COLUMN id ADD GENERATED BY DEFAULT AS IDENTITY (
    SEQUENCE NAME public.accounts_customuser_groups_id_seq
    START WITH 1
    INCREMENT BY 1
    NO MINVALUE
    NO MAXVALUE
    CACHE 1
);


--
-- Name: accounts_customuser_id_seq; Type: SEQUENCE; Schema: public; Owner: -
--

ALTER TABLE public.accounts_customuser ALTER COLUMN id ADD GENERATED BY DEFAULT AS IDENTITY (
    SEQUENCE NAME public.accounts_customuser_id_seq
    START WITH 1
    INCREMENT BY 1
    NO MINVALUE
    NO MAXVALUE
    CACHE 1
);


--
-- Name: accounts_customuser_user_permissions; Type: TABLE; Schema: public; Owner: -
--

CREATE TABLE public.accounts_customuser_user_permissions (
    id bigint NOT NULL,
    customuser_id bigint NOT NULL,
    permission_id integer NOT NULL
);


--
-- Name: accounts_customuser_user_permissions_id_seq; Type: SEQUENCE; Schema: public; Owner: -
--

ALTER TABLE public.accounts_customuser_user_permissions ALTER COLUMN id ADD GENERATED BY DEFAULT AS IDENTITY (
    SEQUENCE NAME public.accounts_customuser_user_permissions_id_seq
    START WITH 1
    INCREMENT BY 1
    NO MINVALUE
    NO MAXVALUE
    CACHE 1
);


--
-- Name: auth_group; Type: TABLE; Schema: public; Owner: -
--

CREATE TABLE public.auth_group (
    id integer NOT NULL,
    name character varying(150) NOT NULL
);


--
-- Name: auth_group_id_seq; Type: SEQUENCE; Schema: public; Owner: -
--

ALTER TABLE public.auth_group ALTER COLUMN id ADD GENERATED BY DEFAULT AS IDENTITY (
    SEQUENCE NAME public.auth_group_id_seq
    START WITH 1
    INCREMENT BY 1
    NO MINVALUE
    NO MAXVALUE
    CACHE 1
);


--
-- Name: auth_group_permissions; Type: TABLE; Schema: public; Owner: -
--

CREATE TABLE public.auth_group_permissions (
    id bigint NOT NULL,
    group_id integer NOT NULL,
    permission_id integer NOT NULL
);


--
-- Name: auth_group_permissions_id_seq; Type: SEQUENCE; Schema: public; Owner: -
--

ALTER TABLE public.auth_group_permissions ALTER COLUMN id ADD GENERATED BY DEFAULT AS IDENTITY (
    SEQUENCE NAME public.auth_group_permissions_id_seq
    START WITH 1
    INCREMENT BY 1
    NO MINVALUE
    NO MAXVALUE
    CACHE 1
);


--
-- Name: auth_permission; Type: TABLE; Schema: public; Owner: -
--

CREATE TABLE public.auth_permission (
    id integer NOT NULL,
    name character varying(255) NOT NULL,
    content_type_id integer NOT NULL,
    codename character varying(100) NOT NULL
);


--
-- Name: auth_permission_id_seq; Type: SEQUENCE; Schema: public; Owner: -
--

ALTER TABLE public.auth_permission ALTER COLUMN id ADD GENERATED BY DEFAULT AS IDENTITY (
    SEQUENCE NAME public.auth_permission_id_seq
    START WITH 1
    INCREMENT BY 1
    NO MINVALUE
    NO MAXVALUE
    CACHE 1
);


--
-- Name: django_admin_log; Type: TABLE; Schema: public; Owner: -
--

CREATE TABLE public.django_admin_log (
    id integer NOT NULL,
    action_time timestamp with time zone NOT NULL,
    object_id text,
    object_repr character varying(200) NOT NULL,
    action_flag smallint NOT NULL,
    change_message text NOT NULL,
    content_type_id integer,
    user_id bigint NOT NULL,
    CONSTRAINT django_admin_log_action_flag_check CHECK ((action_flag >= 0))
);


--
-- Name: django_admin_log_id_seq; Type: SEQUENCE; Schema: public; Owner: -
--

ALTER TABLE public.django_admin_log ALTER COLUMN id ADD GENERATED BY DEFAULT AS IDENTITY (
    SEQUENCE NAME public.django_admin_log_id_seq
    START WITH 1
    INCREMENT BY 1
    NO MINVALUE
    NO MAXVALUE
    CACHE 1
);


--
-- Name: django_content_type; Type: TABLE; Schema: public; Owner: -
--

CREATE TABLE public.django_content_type (
    id integer NOT NULL,
    app_label character varying(100) NOT NULL,
    model character varying(100) NOT NULL
);


--
-- Name: django_content_type_id_seq; Type: SEQUENCE; Schema: public; Owner: -
--

ALTER TABLE public.django_content_type ALTER COLUMN id ADD GENERATED BY DEFAULT AS IDENTITY (
    SEQUENCE NAME public.django_content_type_id_seq
    START WITH 1
    INCREMENT BY 1
    NO MINVALUE
    NO MAXVALUE
    CACHE 1
);


--
-- Name: django_migrations; Type: TABLE; Schema: public; Owner: -
--

CREATE TABLE public.django_migrations (
    id bigint NOT NULL,
    app character varying(255) NOT NULL,
    name character varying(255) NOT NULL,
    applied timestamp with time zone NOT NULL
);


--
-- Name: django_migrations_id_seq; Type: SEQUENCE; Schema: public; Owner: -
--

ALTER TABLE public.django_migrations ALTER COLUMN id ADD GENERATED BY DEFAULT AS IDENTITY (
    SEQUENCE NAME public.django_migrations_id_seq
    START WITH 1
    INCREMENT BY 1
    NO MINVALUE
    NO MAXVALUE
    CACHE 1
);


--
-- Name: django_session; Type: TABLE; Schema: public; Owner: -
--

CREATE TABLE public.django_session (
    session_key character varying(40) NOT NULL,
    session_data text NOT NULL,
    expire_date timestamp with time zone NOT NULL
);


--
-- Name: friends; Type: TABLE; Schema: public; Owner: -
--

CREATE TABLE public.friends (
    id integer NOT NULL,
    status character varying(20) NOT NULL,
    created_at timestamp with time zone NOT NULL,
    friend_user_id bigint NOT NULL,
    user_id bigint NOT NULL
);


--
-- Name: friends_id_seq; Type: SEQUENCE; Schema: public; Owner: -
--

ALTER TABLE public.friends ALTER COLUMN id ADD GENERATED BY DEFAULT AS IDENTITY (
    SEQUENCE NAME public.friends_id_seq
    START WITH 1
    INCREMENT BY 1
    NO MINVALUE
    NO MAXVALUE
    CACHE 1
);


--
-- Name: lobbies; Type: TABLE; Schema: public; Owner: -
--

CREATE TABLE public.lobbies (
    lobby_id integer NOT NULL,
    lobby_name character varying(255) NOT NULL,
    is_active boolean NOT NULL,
    is_trade_area_ready boolean NOT NULL,
    is_battle_arena_ready boolean NOT NULL,
    created_at timestamp with time zone NOT NULL,
    updated_at timestamp with time zone NOT NULL,
    gm_player_id bigint NOT NULL
);


--
-- Name: lobbies_lobby_id_seq; Type: SEQUENCE; Schema: public; Owner: -
--

ALTER TABLE public.lobbies ALTER COLUMN lobby_id ADD GENERATED BY DEFAULT AS IDENTITY (
    SEQUENCE NAME public.lobbies_lobby_id_seq
    START WITH 1
    INCREMENT BY 1
    NO MINVALUE
    NO MAXVALUE
    CACHE 1
);


--
-- Name: lobby_players; Type: TABLE; Schema: public; Owner: -
--

CREATE TABLE public.lobby_players (
    id bigint NOT NULL,
    is_ready boolean NOT NULL,
    joined_at timestamp with time zone NOT NULL,
    lobby_id integer NOT NULL,
    player_id bigint NOT NULL
);


--
-- Name: lobby_players_id_seq; Type: SEQUENCE; Schema: public; Owner: -
--

ALTER TABLE public.lobby_players ALTER COLUMN id ADD GENERATED BY DEFAULT AS IDENTITY (
    SEQUENCE NAME public.lobby_players_id_seq
    START WITH 1
    INCREMENT BY 1
    NO MINVALUE
    NO MAXVALUE
    CACHE 1
);


--
-- Name: notifications; Type: TABLE; Schema: public; Owner: -
--

CREATE TABLE public.notifications (
    id integer NOT NULL,
    message text NOT NULL,
    notification_type character varying(50) NOT NULL,
    is_read boolean NOT NULL,
    created_at timestamp with time zone NOT NULL,
    friend_request_id integer,
    user_id bigint NOT NULL,
    invited_lobby_name character varying(255),
    lobby_invite_id integer
);


--
-- Name: notifications_id_seq; Type: SEQUENCE; Schema: public; Owner: -
--

ALTER TABLE public.notifications ALTER COLUMN id ADD GENERATED BY DEFAULT AS IDENTITY (
    SEQUENCE NAME public.notifications_id_seq
    START WITH 1
    INCREMENT BY 1
    NO MINVALUE
    NO MAXVALUE
    CACHE 1
);


--
-- Data for Name: accounts_customuser; Type: TABLE DATA; Schema: public; Owner: -
--

COPY public.accounts_customuser (id, password, last_login, is_superuser, username, first_name, last_name, email, is_staff, is_active, date_joined) FROM stdin;
3	pbkdf2_sha256$870000$oKc6SMr2A4KkDD04EJx1vE$nyGrdJuRjGOSYHpCaOsWpaOPerWtz3CfIBhaptMLkzE=	2025-04-23 22:46:40.962797+03	f	as			as@example.com	f	t	2025-04-23 22:26:37.351918+03
1	pbkdf2_sha256$870000$FcPEM722snaN4BRT0802nw$dNC0tk/AFtajnJWzNV4x5COTdOEKIFHf9ISOtTEWPgA=	2025-04-24 00:49:48.619956+03	t	admin			admin@example.com	t	t	2025-04-19 20:17:04.813927+03
2	pbkdf2_sha256$870000$1CeZvWk5GPVImmQYWLnnkV$oZWtGk+y0EjiBuG7cZYQqFn6yvyaVagaZ0eM06wGiOk=	2025-04-24 00:51:23.445258+03	f	serayspicey			serayspicey@example.com	f	t	2025-04-19 20:18:36.144703+03
\.


--
-- Data for Name: accounts_customuser_groups; Type: TABLE DATA; Schema: public; Owner: -
--

COPY public.accounts_customuser_groups (id, customuser_id, group_id) FROM stdin;
\.


--
-- Data for Name: accounts_customuser_user_permissions; Type: TABLE DATA; Schema: public; Owner: -
--

COPY public.accounts_customuser_user_permissions (id, customuser_id, permission_id) FROM stdin;
\.


--
-- Data for Name: auth_group; Type: TABLE DATA; Schema: public; Owner: -
--

COPY public.auth_group (id, name) FROM stdin;
\.


--
-- Data for Name: auth_group_permissions; Type: TABLE DATA; Schema: public; Owner: -
--

COPY public.auth_group_permissions (id, group_id, permission_id) FROM stdin;
\.


--
-- Data for Name: auth_permission; Type: TABLE DATA; Schema: public; Owner: -
--

COPY public.auth_permission (id, name, content_type_id, codename) FROM stdin;
1	Can add log entry	1	add_logentry
2	Can change log entry	1	change_logentry
3	Can delete log entry	1	delete_logentry
4	Can view log entry	1	view_logentry
5	Can add permission	2	add_permission
6	Can change permission	2	change_permission
7	Can delete permission	2	delete_permission
8	Can view permission	2	view_permission
9	Can add group	3	add_group
10	Can change group	3	change_group
11	Can delete group	3	delete_group
12	Can view group	3	view_group
13	Can add content type	4	add_contenttype
14	Can change content type	4	change_contenttype
15	Can delete content type	4	delete_contenttype
16	Can view content type	4	view_contenttype
17	Can add session	5	add_session
18	Can change session	5	change_session
19	Can delete session	5	delete_session
20	Can view session	5	view_session
21	Can add custom user	6	add_customuser
22	Can change custom user	6	change_customuser
23	Can delete custom user	6	delete_customuser
24	Can view custom user	6	view_customuser
25	Can add friend	7	add_friend
26	Can change friend	7	change_friend
27	Can delete friend	7	delete_friend
28	Can view friend	7	view_friend
29	Can add notification	8	add_notification
30	Can change notification	8	change_notification
31	Can delete notification	8	delete_notification
32	Can view notification	8	view_notification
33	Can add race	9	add_race
34	Can change race	9	change_race
35	Can delete race	9	delete_race
36	Can view race	9	view_race
37	Can add class	10	add_class
38	Can change class	10	change_class
39	Can delete class	10	delete_class
40	Can view class	10	view_class
41	Can add character	11	add_character
42	Can change character	11	change_character
43	Can delete character	11	delete_character
44	Can view character	11	view_character
45	Can add character template	12	add_charactertemplate
46	Can change character template	12	change_charactertemplate
47	Can delete character template	12	delete_charactertemplate
48	Can view character template	12	view_charactertemplate
49	Can add lobby	13	add_lobby
50	Can change lobby	13	change_lobby
51	Can delete lobby	13	delete_lobby
52	Can view lobby	13	view_lobby
53	Can add lobby player	14	add_lobbyplayer
54	Can change lobby player	14	change_lobbyplayer
55	Can delete lobby player	14	delete_lobbyplayer
56	Can view lobby player	14	view_lobbyplayer
57	Can add item	15	add_item
58	Can change item	15	change_item
59	Can delete item	15	delete_item
60	Can view item	15	view_item
61	Can add spell	16	add_spell
62	Can change spell	16	change_spell
63	Can delete spell	16	delete_spell
64	Can view spell	16	view_spell
\.


--
-- Data for Name: django_admin_log; Type: TABLE DATA; Schema: public; Owner: -
--

COPY public.django_admin_log (id, action_time, object_id, object_repr, action_flag, change_message, content_type_id, user_id) FROM stdin;
\.


--
-- Data for Name: django_content_type; Type: TABLE DATA; Schema: public; Owner: -
--

COPY public.django_content_type (id, app_label, model) FROM stdin;
1	admin	logentry
2	auth	permission
3	auth	group
4	contenttypes	contenttype
5	sessions	session
6	accounts	customuser
7	accounts	friend
8	accounts	notification
9	game	race
10	game	class
11	game	character
12	game	charactertemplate
13	lobbies	lobby
14	lobbies	lobbyplayer
15	items	item
16	spells	spell
\.


--
-- Data for Name: django_migrations; Type: TABLE DATA; Schema: public; Owner: -
--

COPY public.django_migrations (id, app, name, applied) FROM stdin;
1	contenttypes	0001_initial	2025-04-19 20:15:57.719264+03
2	contenttypes	0002_remove_content_type_name	2025-04-19 20:15:57.744541+03
3	auth	0001_initial	2025-04-19 20:15:57.824746+03
4	auth	0002_alter_permission_name_max_length	2025-04-19 20:15:57.835568+03
5	auth	0003_alter_user_email_max_length	2025-04-19 20:15:57.8438+03
6	auth	0004_alter_user_username_opts	2025-04-19 20:15:57.851894+03
7	auth	0005_alter_user_last_login_null	2025-04-19 20:15:57.859087+03
8	auth	0006_require_contenttypes_0002	2025-04-19 20:15:57.861084+03
9	auth	0007_alter_validators_add_error_messages	2025-04-19 20:15:57.869234+03
10	auth	0008_alter_user_username_max_length	2025-04-19 20:15:57.875938+03
11	auth	0009_alter_user_last_name_max_length	2025-04-19 20:15:57.882928+03
12	auth	0010_alter_group_name_max_length	2025-04-19 20:15:57.898323+03
13	auth	0011_update_proxy_permissions	2025-04-19 20:15:57.919036+03
14	auth	0012_alter_user_first_name_max_length	2025-04-19 20:15:57.925867+03
15	accounts	0001_initial	2025-04-19 20:15:58.064027+03
16	accounts	0002_notification_invited_lobby_name_and_more	2025-04-19 20:15:58.088107+03
17	admin	0001_initial	2025-04-19 20:15:58.125684+03
18	admin	0002_logentry_remove_auto_add	2025-04-19 20:15:58.138946+03
19	admin	0003_logentry_add_action_flag_choices	2025-04-19 20:15:58.15357+03
20	lobbies	0001_initial	2025-04-19 20:15:58.22086+03
21	sessions	0001_initial	2025-04-19 20:15:58.240178+03
\.


--
-- Data for Name: django_session; Type: TABLE DATA; Schema: public; Owner: -
--

COPY public.django_session (session_key, session_data, expire_date) FROM stdin;
jl5neaxmyxiu3vw2r7yj69j0pf6b5tqb	.eJxVjDsOwjAQBe_iGln-riNKes5grdcbHEC2FCdVxN1JpBTQvpl5m4i4LiWunec4ZXEVWlx-t4T04nqA_MT6aJJaXeYpyUORJ-3y3jK_b6f7d1Cwl72GkAI4dGSUUQhj8D7oITCTBVbKAGk9epesBwI35J1ryuw8hURos_h8Ab-mN2w:1u6CDI:m6EZ1kmYHB93z4qKGXi9rZd_1NA3Zjtxfv01i5Uy2zg	2025-05-03 20:42:48.761748+03
q301chumixfr4szllmw8ccudazunizet	.eJxVjDsOwjAQBe_iGln-riNKes5grdcbHEC2FCdVxN1JpBTQvpl5m4i4LiWunec4ZXEVWlx-t4T04nqA_MT6aJJaXeYpyUORJ-3y3jK_b6f7d1Cwl72GkAI4dGSUUQhj8D7oITCTBVbKAGk9epesBwI35J1ryuw8hURos_h8Ab-mN2w:1u6VYo:W5S6pnbV730sI61PJ-ZcrkxrVieSgNPRRp3gQ9GHk04	2025-05-04 17:22:18.377981+03
s8gy0uyvua732enmzam2bakk1o1zvztn	.eJxVjDsOwjAQBe_iGln-riNKes5grdcbHEC2FCdVxN1JpBTQvpl5m4i4LiWunec4ZXEVWlx-t4T04nqA_MT6aJJaXeYpyUORJ-3y3jK_b6f7d1Cwl72GkAI4dGSUUQhj8D7oITCTBVbKAGk9epesBwI35J1ryuw8hURos_h8Ab-mN2w:1u6VZW:s78ex4FW9mi1FvbMTguzkqvoDmKUB8-xdftb1qqa8FQ	2025-05-04 17:23:02.684422+03
mooa5d98ml3uld5jsclzrdet2i2lyum0	.eJxVjDsOwjAQBe_iGln-riNKes5grdcbHEC2FCdVxN1JpBTQvpl5m4i4LiWunec4ZXEVWlx-t4T04nqA_MT6aJJaXeYpyUORJ-3y3jK_b6f7d1Cwl72GkAI4dGSUUQhj8D7oITCTBVbKAGk9epesBwI35J1ryuw8hURos_h8Ab-mN2w:1u7eTh:sXeJnYJiVvQy7QomR7P8KOLy28YNYe6k6C0xwaTg-v4	2025-05-07 21:05:45.553526+03
ofiwq2jjzbdt3pxix736uuwa8ervdjcf	.eJxVjDsOwjAQBe_iGln-i6Wk5wyW7d3FAWRLcVIh7k4ipYD2zcx7i5jWpcZ10BwnFBdhxel3y6k8qe0AH6nduyy9LfOU5a7Igw5560iv6-H-HdQ06lYznrWmoshySUBOo9UFPARCszFWYFUIzrEHND4zMWQ2nnIo1ick8fkCBg05Bw:1u7fk6:FL-gLsUFdGTJH4aTeQ6UOPW21PctY7vMTKvDuzFfqVI	2025-05-07 22:26:46.244926+03
ozd4w7yg8ssp3ak8cvw0v9w2bo7xblgk	.eJxVjDsOwjAQBe_iGln-riNKes5grdcbHEC2FCdVxN1JpBTQvpl5m4i4LiWunec4ZXEVWlx-t4T04nqA_MT6aJJaXeYpyUORJ-3y3jK_b6f7d1Cwl72GkAI4dGSUUQhj8D7oITCTBVbKAGk9epesBwI35J1ryuw8hURos_h8Ab-mN2w:1u7gJA:lAURl2_YcBXbbUNnuNZEw8ZCZW2U0WyXAinK73S9-kE	2025-05-07 23:03:00.874753+03
l1mbdpvr4b8o4pgth9ojtzgdwp9o3324	.eJxVjEEOwiAQRe_C2hCgLQwu3XsGMjOAVA0kpV0Z765NutDtf-_9lwi4rSVsPS1hjuIsjDj9boT8SHUH8Y711iS3ui4zyV2RB-3y2mJ6Xg7376BgL9_as4NslR4ICAC9U9mSM9o6YkSGiTRkjswMDkYzelaZQVka2CRFk3h_AOkeOD0:1u7i03:pzh8sI7O0S_4Ld5K7FLdsSFQs1lBsoErkMbAeOkzTM8	2025-05-08 00:51:23.452806+03
\.


--
-- Data for Name: friends; Type: TABLE DATA; Schema: public; Owner: -
--

COPY public.friends (id, status, created_at, friend_user_id, user_id) FROM stdin;
1	friend	2025-04-19 20:40:31.826803+03	1	2
2	friend	2025-04-19 20:40:31.855382+03	2	1
3	friend	2025-04-23 22:26:58.367198+03	1	3
4	friend	2025-04-23 22:26:58.377233+03	3	1
\.


--
-- Data for Name: lobbies; Type: TABLE DATA; Schema: public; Owner: -
--

COPY public.lobbies (lobby_id, lobby_name, is_active, is_trade_area_ready, is_battle_arena_ready, created_at, updated_at, gm_player_id) FROM stdin;
1	slm	t	f	f	2025-04-23 22:43:20.334985+03	2025-04-23 22:43:20.33501+03	1
2	bilmem	t	f	f	2025-04-23 23:03:28.846637+03	2025-04-23 23:03:28.846667+03	1
\.


--
-- Data for Name: lobby_players; Type: TABLE DATA; Schema: public; Owner: -
--

COPY public.lobby_players (id, is_ready, joined_at, lobby_id, player_id) FROM stdin;
2	t	2025-04-23 22:46:43.075267+03	1	3
1	t	2025-04-23 22:46:16.923624+03	1	2
\.


--
-- Data for Name: notifications; Type: TABLE DATA; Schema: public; Owner: -
--

COPY public.notifications (id, message, notification_type, is_read, created_at, friend_request_id, user_id, invited_lobby_name, lobby_invite_id) FROM stdin;
\.


--
-- Name: accounts_customuser_groups_id_seq; Type: SEQUENCE SET; Schema: public; Owner: -
--

SELECT pg_catalog.setval('public.accounts_customuser_groups_id_seq', 1, false);


--
-- Name: accounts_customuser_id_seq; Type: SEQUENCE SET; Schema: public; Owner: -
--

SELECT pg_catalog.setval('public.accounts_customuser_id_seq', 3, true);


--
-- Name: accounts_customuser_user_permissions_id_seq; Type: SEQUENCE SET; Schema: public; Owner: -
--

SELECT pg_catalog.setval('public.accounts_customuser_user_permissions_id_seq', 1, false);


--
-- Name: auth_group_id_seq; Type: SEQUENCE SET; Schema: public; Owner: -
--

SELECT pg_catalog.setval('public.auth_group_id_seq', 1, false);


--
-- Name: auth_group_permissions_id_seq; Type: SEQUENCE SET; Schema: public; Owner: -
--

SELECT pg_catalog.setval('public.auth_group_permissions_id_seq', 1, false);


--
-- Name: auth_permission_id_seq; Type: SEQUENCE SET; Schema: public; Owner: -
--

SELECT pg_catalog.setval('public.auth_permission_id_seq', 64, true);


--
-- Name: django_admin_log_id_seq; Type: SEQUENCE SET; Schema: public; Owner: -
--

SELECT pg_catalog.setval('public.django_admin_log_id_seq', 1, false);


--
-- Name: django_content_type_id_seq; Type: SEQUENCE SET; Schema: public; Owner: -
--

SELECT pg_catalog.setval('public.django_content_type_id_seq', 16, true);


--
-- Name: django_migrations_id_seq; Type: SEQUENCE SET; Schema: public; Owner: -
--

SELECT pg_catalog.setval('public.django_migrations_id_seq', 21, true);


--
-- Name: friends_id_seq; Type: SEQUENCE SET; Schema: public; Owner: -
--

SELECT pg_catalog.setval('public.friends_id_seq', 4, true);


--
-- Name: lobbies_lobby_id_seq; Type: SEQUENCE SET; Schema: public; Owner: -
--

SELECT pg_catalog.setval('public.lobbies_lobby_id_seq', 2, true);


--
-- Name: lobby_players_id_seq; Type: SEQUENCE SET; Schema: public; Owner: -
--

SELECT pg_catalog.setval('public.lobby_players_id_seq', 2, true);


--
-- Name: notifications_id_seq; Type: SEQUENCE SET; Schema: public; Owner: -
--

SELECT pg_catalog.setval('public.notifications_id_seq', 4, true);


--
-- Name: accounts_customuser_groups accounts_customuser_groups_customuser_id_group_id_c074bdcb_uniq; Type: CONSTRAINT; Schema: public; Owner: -
--

ALTER TABLE ONLY public.accounts_customuser_groups
    ADD CONSTRAINT accounts_customuser_groups_customuser_id_group_id_c074bdcb_uniq UNIQUE (customuser_id, group_id);


--
-- Name: accounts_customuser_groups accounts_customuser_groups_pkey; Type: CONSTRAINT; Schema: public; Owner: -
--

ALTER TABLE ONLY public.accounts_customuser_groups
    ADD CONSTRAINT accounts_customuser_groups_pkey PRIMARY KEY (id);


--
-- Name: accounts_customuser accounts_customuser_pkey; Type: CONSTRAINT; Schema: public; Owner: -
--

ALTER TABLE ONLY public.accounts_customuser
    ADD CONSTRAINT accounts_customuser_pkey PRIMARY KEY (id);


--
-- Name: accounts_customuser_user_permissions accounts_customuser_user_customuser_id_permission_9632a709_uniq; Type: CONSTRAINT; Schema: public; Owner: -
--

ALTER TABLE ONLY public.accounts_customuser_user_permissions
    ADD CONSTRAINT accounts_customuser_user_customuser_id_permission_9632a709_uniq UNIQUE (customuser_id, permission_id);


--
-- Name: accounts_customuser_user_permissions accounts_customuser_user_permissions_pkey; Type: CONSTRAINT; Schema: public; Owner: -
--

ALTER TABLE ONLY public.accounts_customuser_user_permissions
    ADD CONSTRAINT accounts_customuser_user_permissions_pkey PRIMARY KEY (id);


--
-- Name: accounts_customuser accounts_customuser_username_key; Type: CONSTRAINT; Schema: public; Owner: -
--

ALTER TABLE ONLY public.accounts_customuser
    ADD CONSTRAINT accounts_customuser_username_key UNIQUE (username);


--
-- Name: auth_group auth_group_name_key; Type: CONSTRAINT; Schema: public; Owner: -
--

ALTER TABLE ONLY public.auth_group
    ADD CONSTRAINT auth_group_name_key UNIQUE (name);


--
-- Name: auth_group_permissions auth_group_permissions_group_id_permission_id_0cd325b0_uniq; Type: CONSTRAINT; Schema: public; Owner: -
--

ALTER TABLE ONLY public.auth_group_permissions
    ADD CONSTRAINT auth_group_permissions_group_id_permission_id_0cd325b0_uniq UNIQUE (group_id, permission_id);


--
-- Name: auth_group_permissions auth_group_permissions_pkey; Type: CONSTRAINT; Schema: public; Owner: -
--

ALTER TABLE ONLY public.auth_group_permissions
    ADD CONSTRAINT auth_group_permissions_pkey PRIMARY KEY (id);


--
-- Name: auth_group auth_group_pkey; Type: CONSTRAINT; Schema: public; Owner: -
--

ALTER TABLE ONLY public.auth_group
    ADD CONSTRAINT auth_group_pkey PRIMARY KEY (id);


--
-- Name: auth_permission auth_permission_content_type_id_codename_01ab375a_uniq; Type: CONSTRAINT; Schema: public; Owner: -
--

ALTER TABLE ONLY public.auth_permission
    ADD CONSTRAINT auth_permission_content_type_id_codename_01ab375a_uniq UNIQUE (content_type_id, codename);


--
-- Name: auth_permission auth_permission_pkey; Type: CONSTRAINT; Schema: public; Owner: -
--

ALTER TABLE ONLY public.auth_permission
    ADD CONSTRAINT auth_permission_pkey PRIMARY KEY (id);


--
-- Name: django_admin_log django_admin_log_pkey; Type: CONSTRAINT; Schema: public; Owner: -
--

ALTER TABLE ONLY public.django_admin_log
    ADD CONSTRAINT django_admin_log_pkey PRIMARY KEY (id);


--
-- Name: django_content_type django_content_type_app_label_model_76bd3d3b_uniq; Type: CONSTRAINT; Schema: public; Owner: -
--

ALTER TABLE ONLY public.django_content_type
    ADD CONSTRAINT django_content_type_app_label_model_76bd3d3b_uniq UNIQUE (app_label, model);


--
-- Name: django_content_type django_content_type_pkey; Type: CONSTRAINT; Schema: public; Owner: -
--

ALTER TABLE ONLY public.django_content_type
    ADD CONSTRAINT django_content_type_pkey PRIMARY KEY (id);


--
-- Name: django_migrations django_migrations_pkey; Type: CONSTRAINT; Schema: public; Owner: -
--

ALTER TABLE ONLY public.django_migrations
    ADD CONSTRAINT django_migrations_pkey PRIMARY KEY (id);


--
-- Name: django_session django_session_pkey; Type: CONSTRAINT; Schema: public; Owner: -
--

ALTER TABLE ONLY public.django_session
    ADD CONSTRAINT django_session_pkey PRIMARY KEY (session_key);


--
-- Name: friends friends_pkey; Type: CONSTRAINT; Schema: public; Owner: -
--

ALTER TABLE ONLY public.friends
    ADD CONSTRAINT friends_pkey PRIMARY KEY (id);


--
-- Name: friends friends_user_id_friend_user_id_a0bbbfdc_uniq; Type: CONSTRAINT; Schema: public; Owner: -
--

ALTER TABLE ONLY public.friends
    ADD CONSTRAINT friends_user_id_friend_user_id_a0bbbfdc_uniq UNIQUE (user_id, friend_user_id);


--
-- Name: lobbies lobbies_pkey; Type: CONSTRAINT; Schema: public; Owner: -
--

ALTER TABLE ONLY public.lobbies
    ADD CONSTRAINT lobbies_pkey PRIMARY KEY (lobby_id);


--
-- Name: lobby_players lobby_players_lobby_id_player_id_1e6a0016_uniq; Type: CONSTRAINT; Schema: public; Owner: -
--

ALTER TABLE ONLY public.lobby_players
    ADD CONSTRAINT lobby_players_lobby_id_player_id_1e6a0016_uniq UNIQUE (lobby_id, player_id);


--
-- Name: lobby_players lobby_players_pkey; Type: CONSTRAINT; Schema: public; Owner: -
--

ALTER TABLE ONLY public.lobby_players
    ADD CONSTRAINT lobby_players_pkey PRIMARY KEY (id);


--
-- Name: notifications notifications_pkey; Type: CONSTRAINT; Schema: public; Owner: -
--

ALTER TABLE ONLY public.notifications
    ADD CONSTRAINT notifications_pkey PRIMARY KEY (id);


--
-- Name: accounts_customuser_groups_customuser_id_bc55088e; Type: INDEX; Schema: public; Owner: -
--

CREATE INDEX accounts_customuser_groups_customuser_id_bc55088e ON public.accounts_customuser_groups USING btree (customuser_id);


--
-- Name: accounts_customuser_groups_group_id_86ba5f9e; Type: INDEX; Schema: public; Owner: -
--

CREATE INDEX accounts_customuser_groups_group_id_86ba5f9e ON public.accounts_customuser_groups USING btree (group_id);


--
-- Name: accounts_customuser_user_permissions_customuser_id_0deaefae; Type: INDEX; Schema: public; Owner: -
--

CREATE INDEX accounts_customuser_user_permissions_customuser_id_0deaefae ON public.accounts_customuser_user_permissions USING btree (customuser_id);


--
-- Name: accounts_customuser_user_permissions_permission_id_aea3d0e5; Type: INDEX; Schema: public; Owner: -
--

CREATE INDEX accounts_customuser_user_permissions_permission_id_aea3d0e5 ON public.accounts_customuser_user_permissions USING btree (permission_id);


--
-- Name: accounts_customuser_username_722f3555_like; Type: INDEX; Schema: public; Owner: -
--

CREATE INDEX accounts_customuser_username_722f3555_like ON public.accounts_customuser USING btree (username varchar_pattern_ops);


--
-- Name: auth_group_name_a6ea08ec_like; Type: INDEX; Schema: public; Owner: -
--

CREATE INDEX auth_group_name_a6ea08ec_like ON public.auth_group USING btree (name varchar_pattern_ops);


--
-- Name: auth_group_permissions_group_id_b120cbf9; Type: INDEX; Schema: public; Owner: -
--

CREATE INDEX auth_group_permissions_group_id_b120cbf9 ON public.auth_group_permissions USING btree (group_id);


--
-- Name: auth_group_permissions_permission_id_84c5c92e; Type: INDEX; Schema: public; Owner: -
--

CREATE INDEX auth_group_permissions_permission_id_84c5c92e ON public.auth_group_permissions USING btree (permission_id);


--
-- Name: auth_permission_content_type_id_2f476e4b; Type: INDEX; Schema: public; Owner: -
--

CREATE INDEX auth_permission_content_type_id_2f476e4b ON public.auth_permission USING btree (content_type_id);


--
-- Name: django_admin_log_content_type_id_c4bce8eb; Type: INDEX; Schema: public; Owner: -
--

CREATE INDEX django_admin_log_content_type_id_c4bce8eb ON public.django_admin_log USING btree (content_type_id);


--
-- Name: django_admin_log_user_id_c564eba6; Type: INDEX; Schema: public; Owner: -
--

CREATE INDEX django_admin_log_user_id_c564eba6 ON public.django_admin_log USING btree (user_id);


--
-- Name: django_session_expire_date_a5c62663; Type: INDEX; Schema: public; Owner: -
--

CREATE INDEX django_session_expire_date_a5c62663 ON public.django_session USING btree (expire_date);


--
-- Name: django_session_session_key_c0390e0f_like; Type: INDEX; Schema: public; Owner: -
--

CREATE INDEX django_session_session_key_c0390e0f_like ON public.django_session USING btree (session_key varchar_pattern_ops);


--
-- Name: friends_friend_user_id_5632873b; Type: INDEX; Schema: public; Owner: -
--

CREATE INDEX friends_friend_user_id_5632873b ON public.friends USING btree (friend_user_id);


--
-- Name: friends_user_id_ff14f94c; Type: INDEX; Schema: public; Owner: -
--

CREATE INDEX friends_user_id_ff14f94c ON public.friends USING btree (user_id);


--
-- Name: lobbies_gm_player_id_5f51c709; Type: INDEX; Schema: public; Owner: -
--

CREATE INDEX lobbies_gm_player_id_5f51c709 ON public.lobbies USING btree (gm_player_id);


--
-- Name: lobby_players_lobby_id_758b923a; Type: INDEX; Schema: public; Owner: -
--

CREATE INDEX lobby_players_lobby_id_758b923a ON public.lobby_players USING btree (lobby_id);


--
-- Name: lobby_players_player_id_e0fa9245; Type: INDEX; Schema: public; Owner: -
--

CREATE INDEX lobby_players_player_id_e0fa9245 ON public.lobby_players USING btree (player_id);


--
-- Name: notifications_friend_request_id_2ebe540a; Type: INDEX; Schema: public; Owner: -
--

CREATE INDEX notifications_friend_request_id_2ebe540a ON public.notifications USING btree (friend_request_id);


--
-- Name: notifications_user_id_468e288d; Type: INDEX; Schema: public; Owner: -
--

CREATE INDEX notifications_user_id_468e288d ON public.notifications USING btree (user_id);


--
-- Name: accounts_customuser_user_permissions accounts_customuser__customuser_id_0deaefae_fk_accounts_; Type: FK CONSTRAINT; Schema: public; Owner: -
--

ALTER TABLE ONLY public.accounts_customuser_user_permissions
    ADD CONSTRAINT accounts_customuser__customuser_id_0deaefae_fk_accounts_ FOREIGN KEY (customuser_id) REFERENCES public.accounts_customuser(id) DEFERRABLE INITIALLY DEFERRED;


--
-- Name: accounts_customuser_groups accounts_customuser__customuser_id_bc55088e_fk_accounts_; Type: FK CONSTRAINT; Schema: public; Owner: -
--

ALTER TABLE ONLY public.accounts_customuser_groups
    ADD CONSTRAINT accounts_customuser__customuser_id_bc55088e_fk_accounts_ FOREIGN KEY (customuser_id) REFERENCES public.accounts_customuser(id) DEFERRABLE INITIALLY DEFERRED;


--
-- Name: accounts_customuser_user_permissions accounts_customuser__permission_id_aea3d0e5_fk_auth_perm; Type: FK CONSTRAINT; Schema: public; Owner: -
--

ALTER TABLE ONLY public.accounts_customuser_user_permissions
    ADD CONSTRAINT accounts_customuser__permission_id_aea3d0e5_fk_auth_perm FOREIGN KEY (permission_id) REFERENCES public.auth_permission(id) DEFERRABLE INITIALLY DEFERRED;


--
-- Name: accounts_customuser_groups accounts_customuser_groups_group_id_86ba5f9e_fk_auth_group_id; Type: FK CONSTRAINT; Schema: public; Owner: -
--

ALTER TABLE ONLY public.accounts_customuser_groups
    ADD CONSTRAINT accounts_customuser_groups_group_id_86ba5f9e_fk_auth_group_id FOREIGN KEY (group_id) REFERENCES public.auth_group(id) DEFERRABLE INITIALLY DEFERRED;


--
-- Name: auth_group_permissions auth_group_permissio_permission_id_84c5c92e_fk_auth_perm; Type: FK CONSTRAINT; Schema: public; Owner: -
--

ALTER TABLE ONLY public.auth_group_permissions
    ADD CONSTRAINT auth_group_permissio_permission_id_84c5c92e_fk_auth_perm FOREIGN KEY (permission_id) REFERENCES public.auth_permission(id) DEFERRABLE INITIALLY DEFERRED;


--
-- Name: auth_group_permissions auth_group_permissions_group_id_b120cbf9_fk_auth_group_id; Type: FK CONSTRAINT; Schema: public; Owner: -
--

ALTER TABLE ONLY public.auth_group_permissions
    ADD CONSTRAINT auth_group_permissions_group_id_b120cbf9_fk_auth_group_id FOREIGN KEY (group_id) REFERENCES public.auth_group(id) DEFERRABLE INITIALLY DEFERRED;


--
-- Name: auth_permission auth_permission_content_type_id_2f476e4b_fk_django_co; Type: FK CONSTRAINT; Schema: public; Owner: -
--

ALTER TABLE ONLY public.auth_permission
    ADD CONSTRAINT auth_permission_content_type_id_2f476e4b_fk_django_co FOREIGN KEY (content_type_id) REFERENCES public.django_content_type(id) DEFERRABLE INITIALLY DEFERRED;


--
-- Name: django_admin_log django_admin_log_content_type_id_c4bce8eb_fk_django_co; Type: FK CONSTRAINT; Schema: public; Owner: -
--

ALTER TABLE ONLY public.django_admin_log
    ADD CONSTRAINT django_admin_log_content_type_id_c4bce8eb_fk_django_co FOREIGN KEY (content_type_id) REFERENCES public.django_content_type(id) DEFERRABLE INITIALLY DEFERRED;


--
-- Name: django_admin_log django_admin_log_user_id_c564eba6_fk_accounts_customuser_id; Type: FK CONSTRAINT; Schema: public; Owner: -
--

ALTER TABLE ONLY public.django_admin_log
    ADD CONSTRAINT django_admin_log_user_id_c564eba6_fk_accounts_customuser_id FOREIGN KEY (user_id) REFERENCES public.accounts_customuser(id) DEFERRABLE INITIALLY DEFERRED;


--
-- Name: friends friends_friend_user_id_5632873b_fk_accounts_customuser_id; Type: FK CONSTRAINT; Schema: public; Owner: -
--

ALTER TABLE ONLY public.friends
    ADD CONSTRAINT friends_friend_user_id_5632873b_fk_accounts_customuser_id FOREIGN KEY (friend_user_id) REFERENCES public.accounts_customuser(id) DEFERRABLE INITIALLY DEFERRED;


--
-- Name: friends friends_user_id_ff14f94c_fk_accounts_customuser_id; Type: FK CONSTRAINT; Schema: public; Owner: -
--

ALTER TABLE ONLY public.friends
    ADD CONSTRAINT friends_user_id_ff14f94c_fk_accounts_customuser_id FOREIGN KEY (user_id) REFERENCES public.accounts_customuser(id) DEFERRABLE INITIALLY DEFERRED;


--
-- Name: lobbies lobbies_gm_player_id_5f51c709_fk_accounts_customuser_id; Type: FK CONSTRAINT; Schema: public; Owner: -
--

ALTER TABLE ONLY public.lobbies
    ADD CONSTRAINT lobbies_gm_player_id_5f51c709_fk_accounts_customuser_id FOREIGN KEY (gm_player_id) REFERENCES public.accounts_customuser(id) DEFERRABLE INITIALLY DEFERRED;


--
-- Name: lobby_players lobby_players_lobby_id_758b923a_fk_lobbies_lobby_id; Type: FK CONSTRAINT; Schema: public; Owner: -
--

ALTER TABLE ONLY public.lobby_players
    ADD CONSTRAINT lobby_players_lobby_id_758b923a_fk_lobbies_lobby_id FOREIGN KEY (lobby_id) REFERENCES public.lobbies(lobby_id) DEFERRABLE INITIALLY DEFERRED;


--
-- Name: lobby_players lobby_players_player_id_e0fa9245_fk_accounts_customuser_id; Type: FK CONSTRAINT; Schema: public; Owner: -
--

ALTER TABLE ONLY public.lobby_players
    ADD CONSTRAINT lobby_players_player_id_e0fa9245_fk_accounts_customuser_id FOREIGN KEY (player_id) REFERENCES public.accounts_customuser(id) DEFERRABLE INITIALLY DEFERRED;


--
-- Name: notifications notifications_friend_request_id_2ebe540a_fk_friends_id; Type: FK CONSTRAINT; Schema: public; Owner: -
--

ALTER TABLE ONLY public.notifications
    ADD CONSTRAINT notifications_friend_request_id_2ebe540a_fk_friends_id FOREIGN KEY (friend_request_id) REFERENCES public.friends(id) DEFERRABLE INITIALLY DEFERRED;


--
-- Name: notifications notifications_user_id_468e288d_fk_accounts_customuser_id; Type: FK CONSTRAINT; Schema: public; Owner: -
--

ALTER TABLE ONLY public.notifications
    ADD CONSTRAINT notifications_user_id_468e288d_fk_accounts_customuser_id FOREIGN KEY (user_id) REFERENCES public.accounts_customuser(id) DEFERRABLE INITIALLY DEFERRED;


--
-- PostgreSQL database dump complete
--

